event_id,partition
SIM-0000,development
SIM-0001,development
SIM-0002,development
SIM-0003,development
SIM-0004,development
SIM-0005,development
SIM-0006,development
SIM-0007,development
SIM-0008,development
SIM-0009,development
SIM-0010,development
SIM-0011,development
SIM-0012,development
SIM-0013,development
SIM-0014,development
SIM-0015,development
SIM-0016,development
SIM-0017,development
SIM-0018,development
SIM-0019,development
SIM-0020,development
SIM-0021,development
SIM-0022,development
SIM-0023,development
SIM-0024,development
SIM-0025,development
SIM-0026,development
SIM-0027,development
SIM-0028,development
SIM-0029,development
SIM-0030,development
SIM-0031,development
SIM-0032,development
SIM-0033,development
SIM-0034,development
SIM-0035,development
SIM-0036,development
SIM-0037,development
SIM-0038,development
SIM-0039,development
SIM-0040,development
SIM-0041,development
SIM-0042,development
SIM-0043,development
SIM-0044,development
SIM-0075,development
SIM-0076,development
SIM-0077,development
SIM-0078,development
SIM-0079,development
SIM-0080,development
SIM-0081,development
SIM-0082,development
SIM-0083,development
SIM-0084,development
SIM-0085,development
SIM-0086,development
SIM-0087,development
SIM-0088,development
SIM-0089,development
SIM-0090,development
SIM-0091,development
SIM-0092,development
SIM-0093,development
SIM-0094,development
SIM-0095,development
SIM-0096,development
SIM-0097,development
SIM-0098,development
SIM-0099,development
SIM-0100,development
SIM-0101,development
SIM-0102,development
SIM-0103,development
SIM-0104,development
SIM-0105,development
SIM-0106,development
SIM-0107,development
SIM-0108,development
SIM-0109,development
SIM-0110,development
SIM-0111,development
SIM-0112,development
SIM-0113,development
SIM-0114,development
SIM-0115,development
SIM-0116,development
SIM-0117,development
SIM-0118,development
SIM-0119,development
SIM-0150,development
SIM-0151,development
SIM-0152,development
SIM-0153,development
SIM-0154,development
SIM-0155,development
SIM-0156,development
SIM-0157,development
SIM-0158,development
SIM-0159,development
SIM-0160,development
SIM-0161,development
SIM-0162,development
SIM-0163,development
SIM-0164,development
SIM-0165,development
SIM-0166,development
SIM-0167,development
SIM-0168,development
SIM-0169,development
SIM-0170,development
SIM-0171,development
SIM-0172,development
SIM-0173,development
SIM-0174,development
SIM-0175,development
SIM-0176,development
SIM-0177,development
SIM-0178,development
SIM-0179,development
SIM-0180,development
SIM-0181,development
SIM-0182,development
SIM-0183,development
SIM-0184,development
SIM-0185,development
SIM-0186,development
SIM-0187,development
SIM-0188,development
SIM-0189,development
SIM-0190,development
SIM-0191,development
SIM-0192,development
SIM-0193,development
SIM-0194,development
SIM-0225,development
SIM-0226,development
SIM-0227,development
SIM-0228,development
SIM-0229,development
SIM-0230,development
SIM-0231,development
SIM-0232,development
SIM-0233,development
SIM-0234,development
SIM-0235,development
SIM-0236,development
SIM-0237,development
SIM-0238,development
SIM-0239,development
SIM-0240,development
SIM-0241,development
SIM-0242,development
SIM-0243,development
SIM-0244,development
SIM-0245,development
SIM-0246,development
SIM-0247,development
SIM-0248,development
SIM-0249,development
SIM-0250,development
SIM-0251,development
SIM-0252,development
SIM-0253,development
SIM-0254,development
SIM-0255,development
SIM-0256,development
SIM-0257,development
SIM-0258,development
SIM-0259,development
SIM-0260,development
SIM-0261,development
SIM-0262,development
SIM-0263,development
SIM-0264,development
SIM-0265,development
SIM-0266,development
SIM-0267,development
SIM-0268,development
SIM-0269,development
SIM-0300,development
SIM-0301,development
SIM-0302,development
SIM-0303,development
SIM-0304,development
SIM-0305,development
SIM-0306,development
SIM-0307,development
SIM-0308,development
SIM-0309,development
SIM-0310,development
SIM-0311,development
SIM-0312,development
SIM-0313,development
SIM-0314,development
SIM-0315,development
SIM-0316,development
SIM-0317,development
SIM-0318,development
SIM-0319,development
SIM-0320,development
SIM-0321,development
SIM-0322,development
SIM-0323,development
SIM-0324,development
SIM-0325,development
SIM-0326,development
SIM-0327,development
SIM-0328,development
SIM-0329,development
SIM-0330,development
SIM-0331,development
SIM-0332,development
SIM-0333,development
SIM-0334,development
SIM-0335,development
SIM-0336,development
SIM-0337,development
SIM-0338,development
SIM-0339,development
SIM-0340,development
SIM-0341,development
SIM-0342,development
SIM-0343,development
SIM-0344,development
SIM-0375,development
SIM-0376,development
SIM-0377,development
SIM-0378,development
SIM-0379,development
SIM-0380,development
SIM-0381,development
SIM-0382,development
SIM-0383,development
SIM-0384,development
SIM-0385,development
SIM-0386,development
SIM-0387,development
SIM-0388,development
SIM-0389,development
SIM-0390,development
SIM-0391,development
SIM-0392,development
SIM-0393,development
SIM-0394,development
SIM-0395,development
SIM-0396,development
SIM-0397,development
SIM-0398,development
SIM-0399,development
SIM-0400,development
SIM-0401,development
SIM-0402,development
SIM-0403,development
SIM-0404,development
SIM-0405,development
SIM-0406,development
SIM-0407,development
SIM-0408,development
SIM-0409,development
SIM-0410,development
SIM-0411,development
SIM-0412,development
SIM-0413,development
SIM-0414,development
SIM-0415,development
SIM-0416,development
SIM-0417,development
SIM-0418,development
SIM-0419,development
SIM-0450,development
SIM-0451,development
SIM-0452,development
SIM-0453,development
SIM-0454,development
SIM-0455,development
SIM-0456,development
SIM-0457,development
SIM-0458,development
SIM-0459,development
SIM-0460,development
SIM-0461,development
SIM-0462,development
SIM-0463,development
SIM-0464,development
SIM-0465,development
SIM-0466,development
SIM-0467,development
SIM-0468,development
SIM-0469,development
SIM-0470,development
SIM-0471,development
SIM-0472,development
SIM-0473,development
SIM-0474,development
SIM-0475,development
SIM-0476,development
SIM-0477,development
SIM-0478,development
SIM-0479,development
SIM-0480,development
SIM-0481,development
SIM-0482,development
SIM-0483,development
SIM-0484,development
SIM-0485,development
SIM-0486,development
SIM-0487,development
SIM-0488,development
SIM-0489,development
SIM-0490,development
SIM-0491,development
SIM-0492,development
SIM-0493,development
SIM-0494,development
SIM-0525,development
SIM-0526,development
SIM-0527,development
SIM-0528,development
SIM-0529,development
SIM-0530,development
SIM-0531,development
SIM-0532,development
SIM-0533,development
SIM-0534,development
SIM-0535,development
SIM-0536,development
SIM-0537,development
SIM-0538,development
SIM-0539,development
SIM-0540,development
SIM-0541,development
SIM-0542,development
SIM-0543,development
SIM-0544,development
SIM-0545,development
SIM-0546,development
SIM-0547,development
SIM-0548,development
SIM-0549,development
SIM-0550,development
SIM-0551,development
SIM-0552,development
SIM-0553,development
SIM-0554,development
SIM-0555,development
SIM-0556,development
SIM-0557,development
SIM-0558,development
SIM-0559,development
SIM-0560,development
SIM-0561,development
SIM-0562,development
SIM-0563,development
SIM-0564,development
SIM-0565,development
SIM-0566,development
SIM-0567,development
SIM-0568,development
SIM-0569,development
SIM-0600,development
SIM-0601,development
SIM-0602,development
SIM-0603,development
SIM-0604,development
SIM-0605,development
SIM-0606,development
SIM-0607,development
SIM-0608,development
SIM-0609,development
SIM-0610,development
SIM-0611,development
SIM-0612,development
SIM-0613,development
SIM-0614,development
SIM-0615,development
SIM-0616,development
SIM-0617,development
SIM-0618,development
SIM-0619,development
SIM-0620,development
SIM-0621,development
SIM-0622,development
SIM-0623,development
SIM-0624,development
SIM-0625,development
SIM-0626,development
SIM-0627,development
SIM-0628,development
SIM-0629,development
SIM-0630,development
SIM-0631,development
SIM-0632,development
SIM-0633,development
SIM-0634,development
SIM-0635,development
SIM-0636,development
SIM-0637,development
SIM-0638,development
SIM-0639,development
SIM-0640,development
SIM-0641,development
SIM-0642,development
SIM-0643,development
SIM-0644,development
SIM-0045,validation
SIM-0046,validation
SIM-0047,validation
SIM-0048,validation
SIM-0049,validation
SIM-0050,validation
SIM-0051,validation
SIM-0052,validation
SIM-0053,validation
SIM-0054,validation
SIM-0055,validation
SIM-0056,validation
SIM-0057,validation
SIM-0058,validation
SIM-0059,validation
SIM-0120,validation
SIM-0121,validation
SIM-0122,validation
SIM-0123,validation
SIM-0124,validation
SIM-0125,validation
SIM-0126,validation
SIM-0127,validation
SIM-0128,validation
SIM-0129,validation
SIM-0130,validation
SIM-0131,validation
SIM-0132,validation
SIM-0133,validation
SIM-0134,validation
SIM-0195,validation
SIM-0196,validation
SIM-0197,validation
SIM-0198,validation
SIM-0199,validation
SIM-0200,validation
SIM-0201,validation
SIM-0202,validation
SIM-0203,validation
SIM-0204,validation
SIM-0205,validation
SIM-0206,validation
SIM-0207,validation
SIM-0208,validation
SIM-0209,validation
SIM-0270,validation
SIM-0271,validation
SIM-0272,validation
SIM-0273,validation
SIM-0274,validation
SIM-0275,validation
SIM-0276,validation
SIM-0277,validation
SIM-0278,validation
SIM-0279,validation
SIM-0280,validation
SIM-0281,validation
SIM-0282,validation
SIM-0283,validation
SIM-0284,validation
SIM-0345,validation
SIM-0346,validation
SIM-0347,validation
SIM-0348,validation
SIM-0349,validation
SIM-0350,validation
SIM-0351,validation
SIM-0352,validation
SIM-0353,validation
SIM-0354,validation
SIM-0355,validation
SIM-0356,validation
SIM-0357,validation
SIM-0358,validation
SIM-0359,validation
SIM-0420,validation
SIM-0421,validation
SIM-0422,validation
SIM-0423,validation
SIM-0424,validation
SIM-0425,validation
SIM-0426,validation
SIM-0427,validation
SIM-0428,validation
SIM-0429,validation
SIM-0430,validation
SIM-0431,validation
SIM-0432,validation
SIM-0433,validation
SIM-0434,validation
SIM-0495,validation
SIM-0496,validation
SIM-0497,validation
SIM-0498,validation
SIM-0499,validation
SIM-0500,validation
SIM-0501,validation
SIM-0502,validation
SIM-0503,validation
SIM-0504,validation
SIM-0505,validation
SIM-0506,validation
SIM-0507,validation
SIM-0508,validation
SIM-0509,validation
SIM-0570,validation
SIM-0571,validation
SIM-0572,validation
SIM-0573,validation
SIM-0574,validation
SIM-0575,validation
SIM-0576,validation
SIM-0577,validation
SIM-0578,validation
SIM-0579,validation
SIM-0580,validation
SIM-0581,validation
SIM-0582,validation
SIM-0583,validation
SIM-0584,validation
SIM-0645,validation
SIM-0646,validation
SIM-0647,validation
SIM-0648,validation
SIM-0649,validation
SIM-0650,validation
SIM-0651,validation
SIM-0652,validation
SIM-0653,validation
SIM-0654,validation
SIM-0655,validation
SIM-0656,validation
SIM-0657,validation
SIM-0658,validation
SIM-0659,validation
SIM-0060,test
SIM-0061,test
SIM-0062,test
SIM-0063,test
SIM-0064,test
SIM-0065,test
SIM-0066,test
SIM-0067,test
SIM-0068,test
SIM-0069,test
SIM-0070,test
SIM-0071,test
SIM-0072,test
SIM-0073,test
SIM-0074,test
SIM-0135,test
SIM-0136,test
SIM-0137,test
SIM-0138,test
SIM-0139,test
SIM-0140,test
SIM-0141,test
SIM-0142,test
SIM-0143,test
SIM-0144,test
SIM-0145,test
SIM-0146,test
SIM-0147,test
SIM-0148,test
SIM-0149,test
SIM-0210,test
SIM-0211,test
SIM-0212,test
SIM-0213,test
SIM-0214,test
SIM-0215,test
SIM-0216,test
SIM-0217,test
SIM-0218,test
SIM-0219,test
SIM-0220,test
SIM-0221,test
SIM-0222,test
SIM-0223,test
SIM-0224,test
SIM-0285,test
SIM-0286,test
SIM-0287,test
SIM-0288,test
SIM-0289,test
SIM-0290,test
SIM-0291,test
SIM-0292,test
SIM-0293,test
SIM-0294,test
SIM-0295,test
SIM-0296,test
SIM-0297,test
SIM-0298,test
SIM-0299,test
SIM-0360,test
SIM-0361,test
SIM-0362,test
SIM-0363,test
SIM-0364,test
SIM-0365,test
SIM-0366,test
SIM-0367,test
SIM-0368,test
SIM-0369,test
SIM-0370,test
SIM-0371,test
SIM-0372,test
SIM-0373,test
SIM-0374,test
SIM-0435,test
SIM-0436,test
SIM-0437,test
SIM-0438,test
SIM-0439,test
SIM-0440,test
SIM-0441,test
SIM-0442,test
SIM-0443,test
SIM-0444,test
SIM-0445,test
SIM-0446,test
SIM-0447,test
SIM-0448,test
SIM-0449,test
SIM-0510,test
SIM-0511,test
SIM-0512,test
SIM-0513,test
SIM-0514,test
SIM-0515,test
SIM-0516,test
SIM-0517,test
SIM-0518,test
SIM-0519,test
SIM-0520,test
SIM-0521,test
SIM-0522,test
SIM-0523,test
SIM-0524,test
SIM-0585,test
SIM-0586,test
SIM-0587,test
SIM-0588,test
SIM-0589,test
SIM-0590,test
SIM-0591,test
SIM-0592,test
SIM-0593,test
SIM-0594,test
SIM-0595,test
SIM-0596,test
SIM-0597,test
SIM-0598,test
SIM-0599,test
SIM-0660,test
SIM-0661,test
SIM-0662,test
SIM-0663,test
SIM-0664,test
SIM-0665,test
SIM-0666,test
SIM-0667,test
SIM-0668,test
SIM-0669,test
SIM-0670,test
SIM-0671,test
SIM-0672,test
SIM-0673,test
SIM-0674,test
